WaterSourceUUID,Geometry,GNISFeatureNameCV,WaterQualityIndicatorCV,WaterSourceName,WaterSourceNativeID,WaterSourceTypeCV
NDwr_WS1,,,Fresh,Unspecified,WaDEND_WS1,Groundwater
NDwr_WS2,,,Fresh,Unspecified,WaDEND_WS2,Surface Water
NDwr_WS3,,,Fresh,Charbonneau Creek,WaDEND_WS3,Surface Water
NDwr_WS4,,,Fresh,Beaver Creek,WaDEND_WS4,Surface Water
NDwr_WS5,,,Fresh,Nelson Creek,WaDEND_WS5,Surface Water
NDwr_WS6,,,Fresh,Little Creek,WaDEND_WS6,Surface Water
NDwr_WS7,,,Fresh,Little Muddy River,WaDEND_WS7,Surface Water
NDwr_WS8,,,Fresh,Un-Named Coulee & Dry Fork Coulee,WaDEND_WS8,Surface Water
NDwr_WS9,,,Fresh,"Intermittent Draws, Trib. To Little Miss",WaDEND_WS9,Surface Water
NDwr_WS10,,,Fresh,Heart River,WaDEND_WS10,Surface Water
NDwr_WS11,,,Fresh,Little Missouri River,WaDEND_WS11,Surface Water
NDwr_WS12,,,Fresh,Buford Coulee,WaDEND_WS12,Surface Water
NDwr_WS13,,,Fresh,Burnt Creek,WaDEND_WS13,Surface Water
NDwr_WS14,,,Fresh,Missouri River,WaDEND_WS14,Surface Water
NDwr_WS15,,,Fresh,Tobacco Garden Creek,WaDEND_WS15,Surface Water
NDwr_WS16,,,Fresh,Sheyenne River,WaDEND_WS16,Surface Water
NDwr_WS17,,,Fresh,Cannonball River,WaDEND_WS17,Surface Water
NDwr_WS18,,,Fresh,Knife River,WaDEND_WS18,Surface Water
NDwr_WS19,,,Fresh,Duck Creek,WaDEND_WS19,Surface Water
NDwr_WS20,,,Fresh,Lake Sakakawea,WaDEND_WS20,Surface Water
NDwr_WS21,,,Fresh,Mouse River,WaDEND_WS21,Surface Water
NDwr_WS22,,,Fresh,Painted Woods Creek,WaDEND_WS22,Surface Water
NDwr_WS23,,,Fresh,Red River,WaDEND_WS23,Surface Water
NDwr_WS24,,,Fresh,Gibb Springs,WaDEND_WS24,Surface Water
NDwr_WS25,,,Fresh,Sweetwater Lake,WaDEND_WS25,Surface Water
NDwr_WS26,,,Fresh,Mulberry Creek,WaDEND_WS26,Surface Water
NDwr_WS27,,,Fresh,"Big Mary'S Coulee, Trib To Mouse River",WaDEND_WS27,Surface Water
NDwr_WS28,,,Fresh,Rush River,WaDEND_WS28,Surface Water
NDwr_WS29,,,Fresh,Tributary To West Hay Draw Creek,WaDEND_WS29,Surface Water
NDwr_WS30,,,Fresh,West Hay Draw Creek,WaDEND_WS30,Surface Water
NDwr_WS31,,,Fresh,Sheep Creek,WaDEND_WS31,Surface Water
NDwr_WS32,,,Fresh,Green River,WaDEND_WS32,Surface Water
NDwr_WS33,,,Fresh,"Box Elder Creek, Trib. To Little Missour",WaDEND_WS33,Surface Water
NDwr_WS34,,,Fresh,"Spring Creek, A Trib Of The Knife River",WaDEND_WS34,Surface Water
NDwr_WS35,,,Fresh,James River,WaDEND_WS35,Surface Water
NDwr_WS36,,,Fresh,Spring Creek,WaDEND_WS36,Surface Water
NDwr_WS37,,,Fresh,Chanta Peta Creek,WaDEND_WS37,Surface Water
NDwr_WS38,,,Fresh,"Beaver Creek, Trib. To Little Misouri Ri",WaDEND_WS38,Surface Water
NDwr_WS39,,,Fresh,Antelope Creek,WaDEND_WS39,Surface Water
NDwr_WS40,,,Fresh,Unnamed Creek,WaDEND_WS40,Surface Water
NDwr_WS41,,,Fresh,Square Butte Creek,WaDEND_WS41,Surface Water
NDwr_WS42,,,Fresh,Old Oxbow Of Apple Creek,WaDEND_WS42,Surface Water
NDwr_WS43,,,Fresh,Silver Lake,WaDEND_WS43,Surface Water
NDwr_WS44,,,Fresh,Danners Coulee,WaDEND_WS44,Surface Water
NDwr_WS45,,,Fresh,Park River,WaDEND_WS45,Surface Water
NDwr_WS46,,,Fresh,South Branch Of The Goose River,WaDEND_WS46,Surface Water
NDwr_WS47,,,Fresh,Goose River,WaDEND_WS47,Surface Water
NDwr_WS48,,,Fresh,Antler Creek,WaDEND_WS48,Surface Water
NDwr_WS49,,,Fresh,Unnaned Trib To Missouri River,WaDEND_WS49,Surface Water
NDwr_WS50,,,Fresh,"Pats Coulee, Trib To Little Muddy",WaDEND_WS50,Surface Water
NDwr_WS51,,,Fresh,,WaDEND_WS51,Surface Water
NDwr_WS52,,,Fresh,Unnamed Tributary,WaDEND_WS52,Surface Water
NDwr_WS53,,,Fresh,Scorio Creek,WaDEND_WS53,Surface Water
NDwr_WS54,,,Fresh,Pembina River,WaDEND_WS54,Surface Water
NDwr_WS55,,,Fresh,"Horse Creek, Trib. To Little Missouri Ri",WaDEND_WS55,Surface Water
NDwr_WS56,,,Fresh,Souris River,WaDEND_WS56,Surface Water
NDwr_WS57,,,Fresh,Lake Oahe,WaDEND_WS57,Surface Water
NDwr_WS58,,,Fresh,North Branch Of Garner Creek,WaDEND_WS58,Surface Water
NDwr_WS59,,,Fresh,Square Butte Creel,WaDEND_WS59,Surface Water
NDwr_WS60,,,Fresh,White Earth River,WaDEND_WS60,Surface Water
NDwr_WS61,,,Fresh,Sweet Briar Lake,WaDEND_WS61,Surface Water
NDwr_WS62,,,Fresh,Un-Named Trib To Spring Creek,WaDEND_WS62,Surface Water
NDwr_WS63,,,Fresh,Crooked Creek,WaDEND_WS63,Surface Water
NDwr_WS64,,,Fresh,Trib To Sqaure Butte Creek,WaDEND_WS64,Surface Water
NDwr_WS65,,,Fresh,North Branch Forest River,WaDEND_WS65,Surface Water
NDwr_WS66,,,Fresh,"Un-Named Creek, Tributary To Spring Cree",WaDEND_WS66,Surface Water
NDwr_WS67,,,Fresh,Trib To Shirk Creek,WaDEND_WS67,Surface Water
NDwr_WS68,,,Fresh,"Unnamed Stream, Trib Of Little Muddy",WaDEND_WS68,Surface Water
NDwr_WS69,,,Fresh,Spring Creek & Un-Named Trib,WaDEND_WS69,Surface Water
NDwr_WS70,,,Fresh,Sweetbriar Creek,WaDEND_WS70,Surface Water
NDwr_WS71,,,Fresh,Middle Branch Forest River,WaDEND_WS71,Surface Water
NDwr_WS72,,,Fresh,Intermittent Draws,WaDEND_WS72,Surface Water
NDwr_WS73,,,Fresh,Tepee Creek,WaDEND_WS73,Surface Water
NDwr_WS74,,,Fresh,Trib To Otter Creek,WaDEND_WS74,Surface Water
NDwr_WS75,,,Fresh,Yellowstone River,WaDEND_WS75,Surface Water
NDwr_WS76,,,Fresh,South Branch Of Elm River,WaDEND_WS76,Surface Water
NDwr_WS77,,,Fresh,Clear Creek,WaDEND_WS77,Surface Water
NDwr_WS78,,,Fresh,Big Muddy Creek,WaDEND_WS78,Surface Water
NDwr_WS79,,,Fresh,"Lay Creek, Trib Of Tobacco Garden Creek",WaDEND_WS79,Surface Water
NDwr_WS80,,,Fresh,North Fork Grand River,WaDEND_WS80,Surface Water
NDwr_WS81,,,Fresh,Trib To Turtle Creek,WaDEND_WS81,Surface Water
NDwr_WS82,,,Fresh,Trib To Burnt Creek,WaDEND_WS82,Surface Water
NDwr_WS83,,,Fresh,Unnamed Channel,WaDEND_WS83,Surface Water
NDwr_WS84,,,Fresh,Unnamed Intermittent Draw,WaDEND_WS84,Surface Water
NDwr_WS85,,,Fresh,Wild Rice River,WaDEND_WS85,Surface Water
NDwr_WS86,,,Fresh,Unnamed Creek & Wild Rice River,WaDEND_WS86,Surface Water
NDwr_WS87,,,Fresh,Unamed Creek And Wild Rice River,WaDEND_WS87,Surface Water
NDwr_WS88,,,Fresh,Unnamed Coulee,WaDEND_WS88,Surface Water
NDwr_WS89,,,Fresh,Nelson Lake-Square Butte Creek,WaDEND_WS89,Surface Water
NDwr_WS90,,,Fresh,Cart Creek,WaDEND_WS90,Surface Water
NDwr_WS91,,,Fresh,Un-Named Trib To Sweet Briar Creek,WaDEND_WS91,Surface Water
NDwr_WS92,,,Fresh,Apple Creek,WaDEND_WS92,Surface Water
NDwr_WS93,,,Fresh,Branch Knife River,WaDEND_WS93,Surface Water
NDwr_WS94,,,Fresh,Trib To Square Butte Creek,WaDEND_WS94,Surface Water
NDwr_WS95,,,Fresh,South Branch Goose River,WaDEND_WS95,Surface Water
NDwr_WS96,,,Fresh,Willow Creek,WaDEND_WS96,Surface Water
NDwr_WS97,,,Fresh,Wakopa Creek,WaDEND_WS97,Surface Water
NDwr_WS98,,,Fresh,Charbonneau Creek & Trib.,WaDEND_WS98,Surface Water
NDwr_WS99,,,Fresh,Unnamed Creek Trib To Willow Creek,WaDEND_WS99,Surface Water
NDwr_WS100,,,Fresh,Intermittent Creek,WaDEND_WS100,Surface Water
NDwr_WS101,,,Fresh,Elm River,WaDEND_WS101,Surface Water
NDwr_WS102,,,Fresh,Trib To Wild Rice River,WaDEND_WS102,Surface Water
NDwr_WS103,,,Fresh,"English Coulee, Trib To Red River",WaDEND_WS103,Surface Water
NDwr_WS104,,,Fresh,Unnamed Intermittent Trib.,WaDEND_WS104,Surface Water
NDwr_WS105,,,Fresh,Big Coulee,WaDEND_WS105,Surface Water
NDwr_WS106,,,Fresh,Dry Draw,WaDEND_WS106,Surface Water
NDwr_WS107,,,Fresh,Tongue River,WaDEND_WS107,Surface Water
NDwr_WS108,,,Fresh,"Int. Draw, Trib To Little Missouri River",WaDEND_WS108,Surface Water
NDwr_WS109,,,Fresh,Un-Named Inter Trib To Spring Creek,WaDEND_WS109,Surface Water
NDwr_WS110,,,Fresh,Horse Creek,WaDEND_WS110,Surface Water
NDwr_WS111,,,Fresh,Unnamed Coulee To Burnt Creek,WaDEND_WS111,Surface Water
NDwr_WS112,,,Fresh,Buffalo Coulee,WaDEND_WS112,Surface Water
NDwr_WS113,,,Fresh,Tobacco Garden Cr & Missouri R Backwater,WaDEND_WS113,Surface Water
NDwr_WS114,,,Fresh,Andrews Creek,WaDEND_WS114,Surface Water
NDwr_WS115,,,Fresh,South Unit,WaDEND_WS115,Groundwater
NDwr_WS116,,,Fresh,Unnamed Intermittent Stream,WaDEND_WS116,Surface Water
NDwr_WS117,,,Fresh,Salt Water Coulee,WaDEND_WS117,Surface Water
NDwr_WS118,,,Fresh,Beaver Creek And Missouri River,WaDEND_WS118,Surface Water
NDwr_WS119,,,Fresh,Knifer River,WaDEND_WS119,Surface Water
NDwr_WS120,,,Fresh,Mt. Carmel Dam,WaDEND_WS120,Surface Water
NDwr_WS121,,,Fresh,Un-Named Intermittent Stream,WaDEND_WS121,Surface Water
NDwr_WS122,,,Fresh,Un Named Trib To Andrews Creek,WaDEND_WS122,Surface Water
NDwr_WS123,,,Fresh,"Un-Named Stream, Trib. To Little Missour",WaDEND_WS123,Surface Water
NDwr_WS124,,,Fresh,Deep Creek,WaDEND_WS124,Surface Water
NDwr_WS125,,,Fresh,"Un-Named Coulee, Tributary To Garrison R",WaDEND_WS125,Surface Water
NDwr_WS126,,,Fresh,Timber Creek,WaDEND_WS126,Surface Water
NDwr_WS127,,,Fresh,Unnamed Intermittent Draws,WaDEND_WS127,Surface Water
NDwr_WS128,,,Fresh,Bullion Creek,WaDEND_WS128,Surface Water
NDwr_WS129,,,Fresh,Unnamed Stream,WaDEND_WS129,Surface Water
NDwr_WS130,,,Fresh,Mc Gillis Creek,WaDEND_WS130,Surface Water
NDwr_WS131,,,Fresh,Unnamed Draw,WaDEND_WS131,Surface Water
NDwr_WS132,,,Fresh,Big Muddy Creek And Intermittent Stream,WaDEND_WS132,Surface Water
NDwr_WS133,,,Fresh,Cottonwood Creek,WaDEND_WS133,Surface Water
NDwr_WS134,,,Fresh,"Unnamed Creek, Tributary To Beaver Creek",WaDEND_WS134,Surface Water
NDwr_WS135,,,Fresh,Sand Creek,WaDEND_WS135,Surface Water
NDwr_WS136,,,Fresh,Unnamed Intermittent Streams,WaDEND_WS136,Surface Water
NDwr_WS137,,,Fresh,South Branch Of Turtle River,WaDEND_WS137,Surface Water
NDwr_WS138,,,Fresh,Apple Creek Tributary,WaDEND_WS138,Surface Water
NDwr_WS139,,,Fresh,Fourmile Creek,WaDEND_WS139,Surface Water
NDwr_WS140,,,Fresh,"Unnamed Coulee, Trib To Sheyeene River",WaDEND_WS140,Surface Water
NDwr_WS141,,,Fresh,Oxbow - Knife River,WaDEND_WS141,Surface Water
NDwr_WS142,,,Fresh,Unnamed Intermittant Draw,WaDEND_WS142,Surface Water
NDwr_WS143,,,Fresh,"Spring Creek, A Trib Of Knife River",WaDEND_WS143,Surface Water
NDwr_WS144,,,Fresh,"Spring Creek, A Trib Of The Knife Rriver",WaDEND_WS144,Surface Water
NDwr_WS145,,,Fresh,Nelson Lake,WaDEND_WS145,Surface Water
NDwr_WS146,,,Fresh,"Beaver Creek, Trib. To Little Missouri R",WaDEND_WS146,Surface Water
NDwr_WS147,,,Fresh,Annie Creek,WaDEND_WS147,Surface Water
NDwr_WS148,,,Fresh,Unnamed Trib. To Deep Creek,WaDEND_WS148,Surface Water
NDwr_WS149,,,Fresh,Unnamed Trib To Souris River,WaDEND_WS149,Surface Water
NDwr_WS150,,,Fresh,Long Lake Creek,WaDEND_WS150,Surface Water
NDwr_WS151,,,Fresh,"Unnamed Draw, Trib To Northfork Cr.",WaDEND_WS151,Surface Water
NDwr_WS152,,,Fresh,Runoff & Un-Named Trib To Knife River,WaDEND_WS152,Surface Water
NDwr_WS153,,,Fresh,Stony Creek,WaDEND_WS153,Surface Water
NDwr_WS154,,,Fresh,Sweet Briar Creek,WaDEND_WS154,Surface Water
NDwr_WS155,,,Fresh,Little Knife River,WaDEND_WS155,Surface Water
NDwr_WS156,,,Fresh,Willow Lake,WaDEND_WS156,Surface Water
NDwr_WS157,,,Fresh,Sout Branch Turtle River,WaDEND_WS157,Surface Water
NDwr_WS158,,,Fresh,Goose Lake,WaDEND_WS158,Surface Water
NDwr_WS159,,,Fresh,Pipestem Creek,WaDEND_WS159,Surface Water
NDwr_WS160,,,Fresh,Lonesome Creek,WaDEND_WS160,Surface Water
NDwr_WS161,,,Fresh,Iron Springs,WaDEND_WS161,Surface Water
NDwr_WS162,,,Fresh,"Un-Named Draw, Tributary To Missouri Riv",WaDEND_WS162,Surface Water
NDwr_WS163,,,Fresh,Knife River Tributary,WaDEND_WS163,Surface Water
NDwr_WS164,,,Fresh,Long Lake Creek & Slough,WaDEND_WS164,Surface Water
NDwr_WS165,,,Fresh,Gibbs Springs,WaDEND_WS165,Groundwater
NDwr_WS166,,,Fresh,Unnamed Trib. To North Fork Of The Grand,WaDEND_WS166,Surface Water
NDwr_WS167,,,Fresh,Unnamed Trib.,WaDEND_WS167,Surface Water
NDwr_WS168,,,Fresh,Cottonwood Lake,WaDEND_WS168,Surface Water
NDwr_WS169,,,Fresh,Un Named Creek - Trib To Missouri River,WaDEND_WS169,Surface Water
NDwr_WS170,,,Fresh,Little Beaver Creek,WaDEND_WS170,Surface Water
NDwr_WS171,,,Fresh,Little Knife River Tributary,WaDEND_WS171,Surface Water
NDwr_WS172,,,Fresh,Maple River,WaDEND_WS172,Surface Water
NDwr_WS173,,,Fresh,Unspecified,,Unspecified
NDwr_WS174,,,Fresh,Un-Named Trib To Cannonball River,WaDEND_WS174,Surface Water
NDwr_WS175,,,Fresh,"Unnamed Stream, Trib. Of Crooked Creek",WaDEND_WS175,Surface Water
NDwr_WS176,,,Fresh,Starkweather Ï¿½Oulee,WaDEND_WS176,Surface Water
NDwr_WS177,,,Fresh,Bennie Pierre Creek,WaDEND_WS177,Surface Water
NDwr_WS178,,,Fresh,"101 Creek, Bennie Pierre Creek",WaDEND_WS178,Surface Water
NDwr_WS179,,,Fresh,Badlands Creek,WaDEND_WS179,Surface Water
NDwr_WS180,,,Fresh,Lake Sakakwea,WaDEND_WS180,Surface Water
NDwr_WS181,,,Fresh,Dickinson City Sewage Lagoons # 3 & 4,WaDEND_WS181,Surface Water
NDwr_WS182,,,Fresh,Dickinson City Sewage Lagoons #3 & 4,WaDEND_WS182,Surface Water
NDwr_WS183,,,Fresh,Unnamed Trib. Of Square Butte Creek,WaDEND_WS183,Surface Water
NDwr_WS184,,,Fresh,Unnamed Trib. To Charbonneau Creek,WaDEND_WS184,Surface Water
NDwr_WS185,,,Fresh,Unnamed Stream Trib. Of Missouri River,WaDEND_WS185,Surface Water
NDwr_WS186,,,Fresh,Third Cell Of Laggon System,WaDEND_WS186,Surface Water
NDwr_WS187,,,Fresh,Unnamed Stream Trib. To Little Missouri,WaDEND_WS187,Surface Water
NDwr_WS188,,,Fresh,North Creek,WaDEND_WS188,Surface Water
NDwr_WS189,,,Fresh,Blacktail Creek,WaDEND_WS189,Surface Water
NDwr_WS190,,,Fresh,Black Tail Creek,WaDEND_WS190,Surface Water
NDwr_WS191,,,Fresh,Unnamed Trib To Little Goose River,WaDEND_WS191,Surface Water
NDwr_WS192,,,Fresh,"Unnamed Stream, Trib. To Missouri River",WaDEND_WS192,Surface Water
NDwr_WS193,,,Fresh,Unnamed Trib. To Short Creek,WaDEND_WS193,Surface Water
NDwr_WS194,,,Fresh,Un-Named Trib Of Charbonneau Creek,WaDEND_WS194,Surface Water
NDwr_WS195,,,Fresh,Buffalo Creek,WaDEND_WS195,Surface Water
NDwr_WS196,,,Fresh,Dogtooth Creek,WaDEND_WS196,Surface Water
NDwr_WS197,,,Fresh,Smishek Lake,WaDEND_WS197,Surface Water
NDwr_WS198,,,Fresh,Rice Creek,WaDEND_WS198,Surface Water
NDwr_WS199,,,Fresh,Park Rver,WaDEND_WS199,Surface Water
NDwr_WS200,,,Fresh,Unnamed Trib. To Upper Lostwood Lake,WaDEND_WS200,Surface Water
NDwr_WS201,,,Fresh,Tributary To South Branch Turtle River,WaDEND_WS201,Surface Water
NDwr_WS202,,,Fresh,"Mcclusky Canal, Sta. 433+44.8",WaDEND_WS202,Surface Water
NDwr_WS203,,,Fresh,Turtle Creek,WaDEND_WS203,Surface Water
NDwr_WS204,,,Fresh,Little Heart River,WaDEND_WS204,Surface Water
NDwr_WS205,,,Fresh,Fresh Water Coulee,WaDEND_WS205,Surface Water
NDwr_WS206,,,Fresh,Unnamed Trib. Of Lake Sakakawea,WaDEND_WS206,Surface Water
NDwr_WS207,,,Fresh,Northfork Creek,WaDEND_WS207,Surface Water
NDwr_WS208,,,Fresh,Un-Named Trib To Little Missouri,WaDEND_WS208,Surface Water
NDwr_WS209,,,Fresh,Random Creek Trib To Long Lake Creek,WaDEND_WS209,Surface Water
NDwr_WS210,,,Fresh,Culvert Coulee,WaDEND_WS210,Surface Water
NDwr_WS211,,,Fresh,Acsc Condenser Pond,WaDEND_WS211,Surface Water
NDwr_WS212,,,Fresh,"Trib To Kelly'S Slough, Trib To Turtle R",WaDEND_WS212,Surface Water
NDwr_WS213,,,Fresh,Skunk Coulee & Flood Detention Dam #1,WaDEND_WS213,Surface Water
NDwr_WS214,,,Fresh,Trib To Turtle River,WaDEND_WS214,Surface Water
NDwr_WS215,,,Fresh,Unnamed Draw Trib. To Laporte Coulee,WaDEND_WS215,Surface Water
NDwr_WS216,,,Fresh,Unnamed Draw Trib To Russell Drain,WaDEND_WS216,Surface Water
NDwr_WS217,,,Fresh,Mud Creek,WaDEND_WS217,Surface Water
NDwr_WS218,,,Fresh,Unnamed Drainage,WaDEND_WS218,Surface Water
NDwr_WS219,,,Fresh,Unnamed Trib. To Long Lake,WaDEND_WS219,Surface Water
NDwr_WS220,,,Fresh,Unnamed Drainage Trib To Harriet Lake,WaDEND_WS220,Surface Water
NDwr_WS221,,,Fresh,Lake Audubon,WaDEND_WS221,Surface Water
NDwr_WS222,,,Fresh,Waste Ground Water From Malting Process,WaDEND_WS222,Surface Water
NDwr_WS223,,,Fresh,Unnamed Trib To West Stump Lake,WaDEND_WS223,Surface Water
NDwr_WS224,,,Fresh,Otter Creek,WaDEND_WS224,Surface Water
NDwr_WS225,,,Fresh,Starkweather Coulee,WaDEND_WS225,Surface Water
NDwr_WS226,,,Fresh,Unnamed Trib. To Willow Lake,WaDEND_WS226,Surface Water
NDwr_WS227,,,Fresh,Grand Forks County Wrd Flood Detention D,WaDEND_WS227,Surface Water
NDwr_WS228,,,Fresh,Plum Creek,WaDEND_WS228,Surface Water
NDwr_WS229,,,Fresh,Unnamed Trib,WaDEND_WS229,Surface Water
NDwr_WS230,,,Fresh,Lightning Creek,WaDEND_WS230,Surface Water
NDwr_WS231,,,Fresh,Unnamed Tributary Of Spring Creek,WaDEND_WS231,Surface Water
NDwr_WS232,,,Fresh,Unnamed Trib. West Branch Of Short Creek,WaDEND_WS232,Surface Water
NDwr_WS233,,,Fresh,Unnamed Trib. Of Thirty Mile Creek,WaDEND_WS233,Surface Water
NDwr_WS234,,,Fresh,Coal Creek,WaDEND_WS234,Surface Water
NDwr_WS235,,,Fresh,Unnamed Trib. Of Plum Creek.,WaDEND_WS235,Surface Water
NDwr_WS236,,,Fresh,Laporte Coulee,WaDEND_WS236,Surface Water
NDwr_WS237,,,Fresh,Kelly Slough,WaDEND_WS237,Surface Water
NDwr_WS238,,,Fresh,Unnamed Wetland A Trib. Of Lake Audubon.,WaDEND_WS238,Surface Water
NDwr_WS239,,,Fresh,Flat Creek,WaDEND_WS239,Surface Water
NDwr_WS240,,,Fresh,Lake Alice,WaDEND_WS240,Surface Water
NDwr_WS241,,,Fresh,Unnamed Trib. To Bennie Pierre Creek,WaDEND_WS241,Surface Water
NDwr_WS242,,,Fresh,Unnamed Trib. To Bennnie Pierre Creek,WaDEND_WS242,Surface Water
NDwr_WS243,,,Fresh,Unnamed Trib To Bennie Pierre Creek,WaDEND_WS243,Surface Water
NDwr_WS244,,,Fresh,Kane/Tacoma/Overgaard Drain,WaDEND_WS244,Surface Water
NDwr_WS245,,,Fresh,Alkali Creek,WaDEND_WS245,Surface Water
NDwr_WS246,,,Fresh,"Unnamed Trib To Slow Cr, Spring Cr Trib.",WaDEND_WS246,Surface Water
NDwr_WS247,,,Fresh,Dry Lake,WaDEND_WS247,Surface Water
NDwr_WS248,,,Fresh,Unnamed Trib. To Cedar Creek,WaDEND_WS248,Surface Water
NDwr_WS249,,,Fresh,Unnamed Trib. Of Spring Creek Trib.,WaDEND_WS249,Surface Water
NDwr_WS250,,,Fresh,Unnamed Trib. To Indian Creek,WaDEND_WS250,Surface Water
NDwr_WS251,,,Fresh,Unnamed Stream Trib. To Buffalo Creek,WaDEND_WS251,Surface Water
NDwr_WS252,,,Fresh,Unnamed Trib. To Hans Cr-Spring Cr Trib.,WaDEND_WS252,Surface Water
NDwr_WS253,,,Fresh,Lagoons For Residual Ground  Water,WaDEND_WS253,Surface Water
NDwr_WS254,,,Fresh,Unnamed Trib. To Spring Creek,WaDEND_WS254,Surface Water
NDwr_WS255,,,Fresh,Unnamed Trib. Of Spring Creek,WaDEND_WS255,Surface Water
NDwr_WS256,,,Fresh,Unnamed Trib. Of Edmore Coulee,WaDEND_WS256,Surface Water
NDwr_WS257,,,Fresh,Unnamed Trib. To Edmore Coulee,WaDEND_WS257,Surface Water
NDwr_WS258,,,Fresh,Unnamed Stream Trib. To Little Knife R.,WaDEND_WS258,Surface Water
NDwr_WS259,,,Fresh,Cherry Creek,WaDEND_WS259,Surface Water
NDwr_WS260,,,Fresh,Mauvais Coulee,WaDEND_WS260,Surface Water
NDwr_WS261,,,Fresh,Lake Irvine,WaDEND_WS261,Surface Water
NDwr_WS262,,,Fresh,Unnamed Trib. Of The Red River,WaDEND_WS262,Surface Water
NDwr_WS263,,,Fresh,Unnamed Trib. Of Red River,WaDEND_WS263,Surface Water
NDwr_WS264,,,Fresh,Renwick Dam,WaDEND_WS264,Surface Water
NDwr_WS265,,,Fresh,Ranch Lake,WaDEND_WS265,Surface Water
NDwr_WS266,,,Fresh,Unnamed Tributary To Lake George,WaDEND_WS266,Surface Water
NDwr_WS267,,,Fresh,Grand Harbor Drainage Trib Six Mile Bay,WaDEND_WS267,Surface Water
NDwr_WS268,,,Fresh,Unnamed Trib-Haymarsh Cr Trib Big Muddy,WaDEND_WS268,Surface Water
NDwr_WS269,,,Fresh,Unnamed Trib. Of White Earth River,WaDEND_WS269,Surface Water
NDwr_WS270,,,Fresh,Unnamed Tributary To The Red River,WaDEND_WS270,Surface Water
NDwr_WS271,,,Fresh,Valley City Sewage Lagoons,WaDEND_WS271,Surface Water
NDwr_WS272,,,Fresh,Valley City Municipal Lagoons,WaDEND_WS272,Surface Water
NDwr_WS273,,,Fresh,Dickinson City Sewage Lagoon Cells 3 & 4,WaDEND_WS273,Surface Water
NDwr_WS274,,,Fresh,Dickinson City Sewage Lagoon Cell #2,WaDEND_WS274,Surface Water
NDwr_WS275,,,Fresh,"Dickinson Sewage Lagoons #2, 3, & 4",WaDEND_WS275,Surface Water
NDwr_WS276,,,Fresh,Big Coulee Waterway Trib Mauvais Coulee,WaDEND_WS276,Surface Water
NDwr_WS277,,,Fresh,Big Coulee Waterwau Trib Mauvais Coulee,WaDEND_WS277,Surface Water
NDwr_WS278,,,Fresh,Unnamed Trib. Of South Branch Park River,WaDEND_WS278,Surface Water
NDwr_WS279,,,Fresh,Unnamed Trib. Of Beaver Holes Creek,WaDEND_WS279,Surface Water
NDwr_WS280,,,Fresh,Muskrat Cr Trib Sims Cr Trib Hailstone C,WaDEND_WS280,Surface Water
NDwr_WS281,,,Fresh,Unnamed Trib. To Battle Creek,WaDEND_WS281,Surface Water
NDwr_WS282,,,Fresh,Unnamed Drain,WaDEND_WS282,Surface Water
NDwr_WS283,,,Fresh,Unnamed Trib. To Coyote Creek,WaDEND_WS283,Surface Water
NDwr_WS284,,,Fresh,Little South Pembina River,WaDEND_WS284,Surface Water
NDwr_WS285,,,Fresh,Unnamed Waterway Trib. To Roger Creek,WaDEND_WS285,Surface Water
NDwr_WS286,,,Fresh,Unnamed Waterway Trib. To Deep Creek,WaDEND_WS286,Surface Water
NDwr_WS287,,,Fresh,Unnamed Waterway Trib To Heart Butte Ck,WaDEND_WS287,Surface Water
NDwr_WS288,,,Fresh,Goose Creek,WaDEND_WS288,Surface Water
NDwr_WS289,,,Fresh,Unnamed Stream Trib. To Goose Creek,WaDEND_WS289,Surface Water
NDwr_WS290,,,Fresh,Unnamed Trib. To Little Heart River,WaDEND_WS290,Surface Water
NDwr_WS291,,,Fresh,Pembina County Drain #20,WaDEND_WS291,Surface Water
NDwr_WS292,,,Fresh,Murphy Creek Trib. To Spring Creek,WaDEND_WS292,Surface Water
NDwr_WS293,,,Fresh,Groundwater,WaDEND_WS293,Groundwater
NDwr_WS294,,,Fresh,Unnamed Trib To Charbonneau Creek,WaDEND_WS294,Surface Water
NDwr_WS295,,,Fresh,Unnamed Tributary To Starkweather Coulee,WaDEND_WS295,Surface Water
NDwr_WS296,,,Fresh,Unnamed Drain Trib Starkweather Coulee,WaDEND_WS296,Surface Water
NDwr_WS297,,,Fresh,Forest River,WaDEND_WS297,Surface Water
NDwr_WS298,,,Fresh,Unnamed,WaDEND_WS298,Surface Water
NDwr_WS299,,,Fresh,"Unnamed, Crooked Creek",WaDEND_WS299,Surface Water
NDwr_WS300,,,Fresh,Unnamed Trib To Heart River,WaDEND_WS300,Surface Water
NDwr_WS301,,,Fresh,Unnamed Trib To Square Butte Creek,WaDEND_WS301,Surface Water
NDwr_WS302,,,Fresh,Mount Carmel Dam,WaDEND_WS302,Surface Water
NDwr_WS303,,,Fresh,Ground Water,WaDEND_WS303,Groundwater
NDwr_WS304,,,Fresh,Unnamed Trib. To Maple River,WaDEND_WS304,Surface Water
NDwr_WS305,,,Fresh,Middle Branch Park River,WaDEND_WS305,Surface Water
NDwr_WS306,,,Fresh,Unnamed Trib. To Dead Buffalo Lake,WaDEND_WS306,Surface Water
NDwr_WS307,,,Fresh,West Cut Bank Creek,WaDEND_WS307,Surface Water
NDwr_WS308,,,Fresh,Unnamed Creek Trib To Porcupine Creek,WaDEND_WS308,Surface Water
NDwr_WS309,,,Fresh,Indian Creek,WaDEND_WS309,Surface Water
NDwr_WS310,,,Fresh,Unnamed Lake,WaDEND_WS310,Surface Water
NDwr_WS311,,,Fresh,Spring Creek Trib To Lower Coyote Creek,WaDEND_WS311,Surface Water
NDwr_WS312,,,Fresh,Unnamed Trib To East Antelope Creek,WaDEND_WS312,Surface Water
NDwr_WS313,,,Fresh,Scab Creek,WaDEND_WS313,Surface Water
NDwr_WS314,,,Fresh,Twin Lake,WaDEND_WS314,Surface Water
NDwr_WS315,,,Fresh,Stack Slough,WaDEND_WS315,Surface Water
NDwr_WS316,,,Fresh,Chain Lake,WaDEND_WS316,Surface Water
NDwr_WS317,,,Fresh,Unnamed/ Tributary Of Beaver Creek,WaDEND_WS317,Surface Water
NDwr_WS318,,,Fresh,Oak Creek,WaDEND_WS318,Surface Water
NDwr_WS319,,,Fresh,Random Creek,WaDEND_WS319,Surface Water
NDwr_WS320,,,Fresh,Stoney Creek,WaDEND_WS320,Surface Water
NDwr_WS321,,,Fresh,Morrison Lake,WaDEND_WS321,Surface Water
NDwr_WS322,,,Fresh,Long Creek,WaDEND_WS322,Surface Water
NDwr_WS323,,,Fresh,Kenner Marsh,WaDEND_WS323,Surface Water
NDwr_WS324,,,Fresh,Shell Creek,WaDEND_WS324,Surface Water
NDwr_WS325,,,Fresh,Island Lake,WaDEND_WS325,Surface Water
NDwr_WS326,,,Fresh,Unnamed Trib Of Coyote Creek,WaDEND_WS326,Surface Water
NDwr_WS327,,,Fresh,Drake Sewage Lagoon,WaDEND_WS327,Surface Water
NDwr_WS328,,,Fresh,Dayton Creek,WaDEND_WS328,Surface Water
NDwr_WS329,,,Fresh,Unknown Tributary,WaDEND_WS329,Surface Water
NDwr_WS330,,,Fresh,Esmond Aquifer,WaDEND_WS330,Groundwater
NDwr_WS331,,,Fresh,Trappers Coulee Aquifer,WaDEND_WS331,Groundwater
NDwr_WS332,,,Fresh,Middle Branch Of Park River,WaDEND_WS332,Surface Water
NDwr_WS333,,,Fresh,Middle Brannch Park,WaDEND_WS333,Groundwater
NDwr_WS334,,,Fresh,East Antelope Creek,WaDEND_WS334,Surface Water
NDwr_WS335,,,Fresh,Edmore Coulee,WaDEND_WS335,Surface Water
NDwr_WS336,,,Fresh,Des Lacs River,WaDEND_WS336,Surface Water
NDwr_WS337,,,Fresh,Skunk Coulee,WaDEND_WS337,Surface Water
NDwr_WS338,,,Fresh,Unnamed Tributary Of Wannagan Creek,WaDEND_WS338,Surface Water
NDwr_WS339,,,Fresh,Unnamed Creek/Trib. Of Cedar Creek,WaDEND_WS339,Surface Water
NDwr_WS340,,,Fresh,"Unnamed Stream, Trib Of Ash Creek",WaDEND_WS340,Surface Water
NDwr_WS341,,,Fresh,"Unnamed Creek, Trib Of Antelope Creek",WaDEND_WS341,Surface Water
NDwr_WS342,,,Fresh,Wolf Lake,WaDEND_WS342,Surface Water
NDwr_WS343,,,Fresh,Coal Bank Creek/Trib Of Cannonball River,WaDEND_WS343,Surface Water
NDwr_WS344,,,Fresh,Unnamed Tributary To Little Knife River,WaDEND_WS344,Surface Water
NDwr_WS345,,,Fresh,Unnamed Creek/ Trib Of Morris Creek,WaDEND_WS345,Surface Water
NDwr_WS346,,,Fresh,Unnamed Creek/ Trib Of Cold Turkey Creek,WaDEND_WS346,Surface Water
NDwr_WS347,,,Fresh,Unnamed Creek/ Trib. Of The Cannonball R,WaDEND_WS347,Surface Water
NDwr_WS348,,,Fresh,Unnamed Creek - Tribe. Of Turkey Creek,WaDEND_WS348,Surface Water
NDwr_WS349,,,Fresh,"Skunk Coulee, Tributary To Turtle River",WaDEND_WS349,Surface Water
NDwr_WS350,,,Fresh,Horne Pond,WaDEND_WS350,Surface Water
NDwr_WS351,,,Fresh,"Unnamed, Tributary Of Squaw Creek",WaDEND_WS351,Surface Water
NDwr_WS352,,,Fresh,Red River Of The North,WaDEND_WS352,Surface Water
NDwr_WS353,,,Fresh,Hiddenwood Lake,WaDEND_WS353,Surface Water
NDwr_WS354,,,Fresh,Unnamed Creek A Trib. Of Whitmore Creek,WaDEND_WS354,Surface Water
NDwr_WS355,,,Fresh,Unnamed Creek Trib. Of Whitmore Creek,WaDEND_WS355,Surface Water
NDwr_WS356,,,Fresh,Unnamed Creek A Trib. Of Crooked Creek,WaDEND_WS356,Surface Water
NDwr_WS357,,,Fresh,Sweet Briar Creek A Trib. Of The Heart,WaDEND_WS357,Surface Water
NDwr_WS358,,,Fresh,"Natural Runoff, Trib Of Mclaughlin Lake",WaDEND_WS358,Surface Water
NDwr_WS359,,,Fresh,Drain No. 29,WaDEND_WS359,Surface Water
NDwr_WS360,,,Fresh,Mclaughlin Lake A Trib Of Pembina River,WaDEND_WS360,Surface Water
NDwr_WS361,,,Fresh,Unnamed Source A Trib Of James River,WaDEND_WS361,Surface Water
NDwr_WS362,,,Fresh,Unnamed Tributary Of Antelope Creek,WaDEND_WS362,Surface Water
NDwr_WS363,,,Fresh,Unnamed Tributary Of The Cannonbal River,WaDEND_WS363,Surface Water
NDwr_WS364,,,Fresh,Unnamed Creek Trib. Of Lightning Creek.,WaDEND_WS364,Surface Water
NDwr_WS365,,,Fresh,Unnamed Creek Trib. Of Lightning Creek,WaDEND_WS365,Surface Water
NDwr_WS366,,,Fresh,Little Muddy Creek,WaDEND_WS366,Surface Water
NDwr_WS367,,,Fresh,Unnamed Source Trib. Of Pipestem River,WaDEND_WS367,Surface Water
NDwr_WS368,,,Fresh,Unnamed Tributary Of Rock Lake,WaDEND_WS368,Surface Water
NDwr_WS369,,,Fresh,Unnamed Tributary To Rock Lake,WaDEND_WS369,Surface Water
NDwr_WS370,,,Fresh,Unnamed Trib. Of Burnt Creek,WaDEND_WS370,Surface Water
NDwr_WS371,,,Fresh,Little Missouri  River,WaDEND_WS371,Surface Water
NDwr_WS372,,,Fresh,Knife River & Elm Creek,WaDEND_WS372,Surface Water
NDwr_WS373,,,Fresh,Calio Coulee,WaDEND_WS373,Surface Water
NDwr_WS374,,,Fresh,Antelpoe Creek,WaDEND_WS374,Surface Water
NDwr_WS375,,,Fresh,Unnamed Intermittent Streams.,WaDEND_WS375,Surface Water
NDwr_WS376,,,Fresh,Unnamed Creek A Trib. Of The Cannonball,WaDEND_WS376,Surface Water
NDwr_WS377,,,Fresh,Drainage Ditch,WaDEND_WS377,Surface Water
NDwr_WS378,,,Fresh,Cole Creek Trib Of The Red River,WaDEND_WS378,Surface Water
NDwr_WS379,,,Fresh,Unnamed Creek A Tributary Of Cedar Creek,WaDEND_WS379,Surface Water
NDwr_WS380,,,Fresh,Des Lacs River A Trib. Of Souris River,WaDEND_WS380,Surface Water
NDwr_WS381,,,Fresh,Unnamed Stream A Trib Of Cedar Creek,WaDEND_WS381,Surface Water
NDwr_WS382,,,Fresh,Unnamed Creek Trib. Of Timber Creek,WaDEND_WS382,Surface Water
NDwr_WS383,,,Fresh,Souris River/ Dam 83,WaDEND_WS383,Surface Water
NDwr_WS384,,,Fresh,Souris River/ Pond C,WaDEND_WS384,Surface Water
NDwr_WS385,,,Fresh,Souris River/ Dam 87,WaDEND_WS385,Surface Water
NDwr_WS386,,,Fresh,Souris River/Dam 96,WaDEND_WS386,Surface Water
NDwr_WS387,,,Fresh,Souris River/Dam 41,WaDEND_WS387,Surface Water
NDwr_WS388,,,Fresh,Souris River/Dam 320,WaDEND_WS388,Surface Water
NDwr_WS389,,,Fresh,Souris River/Dam 326,WaDEND_WS389,Surface Water
NDwr_WS390,,,Fresh,Souris River/ Dam 320,WaDEND_WS390,Surface Water
NDwr_WS391,,,Fresh,Souris River/Dam 332,WaDEND_WS391,Surface Water
NDwr_WS392,,,Fresh,Souris River/ Dam 326,WaDEND_WS392,Surface Water
NDwr_WS393,,,Fresh,Souris River/Dam 341,WaDEND_WS393,Surface Water
NDwr_WS394,,,Fresh,Souris River/Dam 357,WaDEND_WS394,Surface Water
NDwr_WS395,,,Fresh,Wild Rice River Trib. Of Red River,WaDEND_WS395,Surface Water
NDwr_WS396,,,Fresh,Wild Rice Trib. Of Red River,WaDEND_WS396,Surface Water
NDwr_WS397,,,Fresh,Lake Ordway,WaDEND_WS397,Surface Water
NDwr_WS398,,,Fresh,Tongue River A Trib. Of The Red River,WaDEND_WS398,Surface Water
NDwr_WS399,,,Fresh,Wieler Dam,WaDEND_WS399,Surface Water
NDwr_WS400,,,Fresh,Oak Ï¿½Reek A Trib. Of Willow Creek,WaDEND_WS400,Surface Water
NDwr_WS401,,,Fresh,Unnamed Stream On The Forest River.,WaDEND_WS401,Surface Water
NDwr_WS402,,,Fresh,Goschke Dam On Tongue River,WaDEND_WS402,Surface Water
NDwr_WS403,,,Fresh,Weiler Dam A Trib. Of Tongue River,WaDEND_WS403,Surface Water
NDwr_WS404,,,Fresh,Elm River A Trib. Of The Red River,WaDEND_WS404,Surface Water
NDwr_WS405,,,Fresh,Valley City Lagoon,WaDEND_WS405,Surface Water
NDwr_WS406,,,Fresh,Unnamed Creek Trib. Of Painted Woods Ck.,WaDEND_WS406,Surface Water
NDwr_WS407,,,Fresh,North Branch Of The Goose River,WaDEND_WS407,Surface Water
NDwr_WS408,,,Fresh,Unnamed Stream Trib. Of Forest River,WaDEND_WS408,Surface Water
NDwr_WS409,,,Fresh,Unnamed Creek Trib. Of The Green River,WaDEND_WS409,Surface Water
NDwr_WS410,,,Fresh,Lake Hoskins,WaDEND_WS410,Surface Water
NDwr_WS411,,,Fresh,Jensen Dam,WaDEND_WS411,Surface Water
NDwr_WS412,,,Fresh,Unnamed Creek Trib Of Frank Creek,WaDEND_WS412,Surface Water
NDwr_WS413,,,Fresh,Starkwater Coulee Trib. Of Devils Lake,WaDEND_WS413,Surface Water
NDwr_WS414,,,Fresh,Unnamed Creek Trib. Of Dutton Slough,WaDEND_WS414,Surface Water
NDwr_WS415,,,Fresh,Unnamed Creek Trib. Of Turtle Creek,WaDEND_WS415,Surface Water
NDwr_WS416,,,Fresh,Morris Creek,WaDEND_WS416,Surface Water
NDwr_WS417,,,Fresh,Unnamed Creek Trib. Of Knife River,WaDEND_WS417,Surface Water
NDwr_WS418,,,Fresh,Unnamed Creek Trib. Of Porcupine Creek,WaDEND_WS418,Surface Water
NDwr_WS419,,,Fresh,Unnamed Creek Trib. Of The Heart River,WaDEND_WS419,Surface Water
NDwr_WS420,,,Fresh,Unnamed Creek Trib. Of Baher Creek,WaDEND_WS420,Surface Water
NDwr_WS421,,,Fresh,Unnamed Creek Trib. Of Bahr Creek,WaDEND_WS421,Surface Water
NDwr_WS422,,,Fresh,Un-Named Creek,WaDEND_WS422,Surface Water
NDwr_WS423,,,Fresh,Unnamed Creek Trib. Of S. Fork Green Riv,WaDEND_WS423,Surface Water
NDwr_WS424,,,Fresh,Unnamed Creek Trib. Of Big Meadow Marsh,WaDEND_WS424,Surface Water
NDwr_WS425,,,Fresh,Russian Slough Creek Trib Of Cedar Creek,WaDEND_WS425,Surface Water
NDwr_WS426,,,Fresh,Unnamed Creek Trib. Of Leaf On The Hill,WaDEND_WS426,Surface Water
NDwr_WS427,,,Fresh,Unnamed Creek Trib. Of Missouri River,WaDEND_WS427,Surface Water
NDwr_WS428,,,Fresh,Lake Ashtabula Trib. Of The Red River,WaDEND_WS428,Surface Water
NDwr_WS429,,,Fresh,Cherry Creek Trib. Of Little Misouri,WaDEND_WS429,Surface Water
NDwr_WS430,,,Fresh,Square Butte Creek Trib. Of The Missouri,WaDEND_WS430,Surface Water
NDwr_WS431,,,Fresh,Skunk Coulee & Flood Detention #1,WaDEND_WS431,Surface Water
NDwr_WS432,,,Fresh,Unnamed Creek A Trib. Of Sheyenne River,WaDEND_WS432,Surface Water
NDwr_WS433,,,Fresh,"Jim Creek, Trib. Of Little Missouri",WaDEND_WS433,Surface Water
NDwr_WS434,,,Fresh,Heart River Trib. Of Missouri River,WaDEND_WS434,Surface Water
NDwr_WS435,,,Fresh,Unnamed Creek Trib. Of Kinneman Creek,WaDEND_WS435,Surface Water
NDwr_WS436,,,Fresh,Cottonwood Creek Trib. Of James River,WaDEND_WS436,Surface Water
NDwr_WS437,,,Fresh,Unnamed Creek Trib. Of Beaver Creek,WaDEND_WS437,Surface Water
NDwr_WS438,,,Fresh,Unnamed Creek Trib. Of Lone Tree Creek,WaDEND_WS438,Surface Water
NDwr_WS439,,,Fresh,Five Mile Creek,WaDEND_WS439,Surface Water
NDwr_WS440,,,Fresh,Unnamed Trib. Of The Missouri River,WaDEND_WS440,Surface Water
NDwr_WS441,,,Fresh,Apple Creek East Trib. Of Missouri River,WaDEND_WS441,Surface Water
NDwr_WS442,,,Fresh,Cow Creek A Trib. Of The Heart River,WaDEND_WS442,Surface Water
NDwr_WS443,,,Fresh,Unnamed Creek Trib. Of Thirty Mile Creek,WaDEND_WS443,Surface Water
NDwr_WS444,,,Fresh,Lake Ibsen,WaDEND_WS444,Surface Water
NDwr_WS445,,,Fresh,Unnamed Creek Trib. Of Spring Creek,WaDEND_WS445,Surface Water
NDwr_WS446,,,Fresh,Unnamed Creek Trib. Of Whitetail Creek,WaDEND_WS446,Surface Water
NDwr_WS447,,,Fresh,Adm Ethanol Plant Ponds,WaDEND_WS447,Surface Water
NDwr_WS448,,,Fresh,Horse Tied Creek Trib. Of Missouri River,WaDEND_WS448,Surface Water
NDwr_WS449,,,Fresh,Unnamed Creek Trib. Of S.Fork Smith Crk.,WaDEND_WS449,Surface Water
NDwr_WS450,,,Fresh,"Little Knife River, Trib. Of Knife River",WaDEND_WS450,Surface Water
NDwr_WS451,,,Fresh,"Unnamed Creek, Trib Of Bahr Creek",WaDEND_WS451,Surface Water
NDwr_WS452,,,Fresh,Whitmore Creek Trib. Of Cedar Creek,WaDEND_WS452,Surface Water
NDwr_WS453,,,Fresh,Unnamed Creek Trib. Of East Fork Shell,WaDEND_WS453,Surface Water
NDwr_WS454,,,Fresh,Unnamed Creek Trib Of Shell Creek,WaDEND_WS454,Surface Water
NDwr_WS455,,,Fresh,Unnamed Stream Trib. Of S. Fork Maple R.,WaDEND_WS455,Surface Water
NDwr_WS456,,,Fresh,Unnamed Creek Trib. Of Nelson Creek,WaDEND_WS456,Surface Water
NDwr_WS457,,,Fresh,Unnamed Creek Trib. Of Willow Coulee,WaDEND_WS457,Surface Water
NDwr_WS458,,,Fresh,"Burnt Creek, Trib. Of Missouri River",WaDEND_WS458,Surface Water
NDwr_WS459,,,Fresh,Frying Pan Lake,WaDEND_WS459,Surface Water
NDwr_WS460,,,Fresh,Goose River A Trib. Of The Red River,WaDEND_WS460,Surface Water
NDwr_WS461,,,Fresh,Willow Coulee (Creek) Trib. Of Red River,WaDEND_WS461,Surface Water
NDwr_WS462,,,Fresh,Maple River Trib. Of The Sheyenne River,WaDEND_WS462,Surface Water
NDwr_WS463,,,Fresh,Battle Creek Trib. Of The Missouri River,WaDEND_WS463,Surface Water
NDwr_WS464,,,Fresh,Cannon Ball River Trib. Of Missouri,WaDEND_WS464,Surface Water
NDwr_WS465,,,Fresh,Cannon Ball River Trib. Of Misssouri,WaDEND_WS465,Surface Water
NDwr_WS466,,,Fresh,"Unnamed Stream, Trib. Of Plum Creek",WaDEND_WS466,Surface Water
NDwr_WS467,,,Fresh,Unnamed Stream Trib. Of Lightning Creek,WaDEND_WS467,Surface Water
NDwr_WS468,,,Fresh,"Nelson Creek,Trib. Of The Missouri River",WaDEND_WS468,Surface Water
NDwr_WS469,,,Fresh,Unnamed Creek Trib. Of Cherry Creek,WaDEND_WS469,Surface Water
NDwr_WS470,,,Fresh,Unnamed Creek Trib. Of Powers Lake,WaDEND_WS470,Surface Water
NDwr_WS471,,,Fresh,Unnamed Stream Trib. Of Ash Creek,WaDEND_WS471,Surface Water
NDwr_WS472,,,Fresh,"Unnamed Creek, Trib Tobranch Knife River",WaDEND_WS472,Surface Water
NDwr_WS473,,,Fresh,Unnamed Stream Trib. Of Apple Creek,WaDEND_WS473,Surface Water
NDwr_WS474,,,Fresh,Unnamed Stream Trib. Of Thirty Mile Ck.,WaDEND_WS474,Surface Water
NDwr_WS475,,,Fresh,Un-Named Wetland,WaDEND_WS475,Surface Water
NDwr_WS476,,,Fresh,"Cottonwood Creek, Trib. Of James River",WaDEND_WS476,Surface Water
NDwr_WS477,,,Fresh,Unnamed Stream-Trib. Of The James River,WaDEND_WS477,Surface Water
NDwr_WS478,,,Fresh,Unnamed Stream Trib Of Little Muddy Riv.,WaDEND_WS478,Surface Water
NDwr_WS479,,,Fresh,Spiritwood Aquifer,WaDEND_WS479,Groundwater
NDwr_WS480,,,Fresh,Unnamed Stream Trib. Of Little Muddy,WaDEND_WS480,Surface Water
NDwr_WS481,,,Fresh,Goshke Dam On Busse Coulee,WaDEND_WS481,Surface Water
NDwr_WS482,,,Fresh,Goschke Dam On Busse Coulee,WaDEND_WS482,Surface Water
NDwr_WS483,,,Fresh,Unamed Coulee Trib. Of Lower Des Lacs,WaDEND_WS483,Surface Water
NDwr_WS484,,,Fresh,Flat Creek Trib. Of N. Fork Grand River,WaDEND_WS484,Surface Water
NDwr_WS485,,,Fresh,Chimney Butte Creek,WaDEND_WS485,Surface Water
NDwr_WS486,,,Fresh,Unnamed Coulee Trib. Of The Heart River,WaDEND_WS486,Surface Water
NDwr_WS487,,,Fresh,Unnamed Coulee A Trib. Of T Heart River,WaDEND_WS487,Surface Water
NDwr_WS488,,,Fresh,"Unnamed Creek, Trib Of Wolf Creek",WaDEND_WS488,Surface Water
NDwr_WS489,,,Fresh,"Gibb'S Spring, Trib. Of Little Knife",WaDEND_WS489,Surface Water
NDwr_WS490,,,Fresh,White Earth Creek,WaDEND_WS490,Surface Water
NDwr_WS491,,,Fresh,"Spring Creek, Trib. Of Knife River",WaDEND_WS491,Surface Water
NDwr_WS492,,,Fresh,Little Bull Creek,WaDEND_WS492,Surface Water
NDwr_WS493,,,Fresh,Unnamed Tributary Of North Branch Park,WaDEND_WS493,Surface Water
NDwr_WS494,,,Fresh,"Unnamed Creek, Trib.Of Stony Slough",WaDEND_WS494,Surface Water
NDwr_WS495,,,Fresh,Sheyene River,WaDEND_WS495,Surface Water
NDwr_WS496,,,Fresh,"Unnamed Waterway, Trib Of Des Lacs River",WaDEND_WS496,Surface Water
NDwr_WS497,,,Fresh,Goschke Dam,WaDEND_WS497,Surface Water
NDwr_WS498,,,Fresh,"Unnamed Creek, Trib. Of The Tongue River",WaDEND_WS498,Surface Water
NDwr_WS499,,,Fresh,"Bussee Coulee, Trib. Of The Tongue River",WaDEND_WS499,Surface Water
NDwr_WS500,,,Fresh,Warwick Dam On Sheynne River,WaDEND_WS500,Surface Water
NDwr_WS501,,,Fresh,Unnamed Stream Trib. Of Heart River,WaDEND_WS501,Surface Water
NDwr_WS502,,,Fresh,Tongue River (Renwick Dam M-4),WaDEND_WS502,Surface Water
NDwr_WS503,,,Fresh,Sheyenne Delta Aquifer,WaDEND_WS503,Groundwater
NDwr_WS504,,,Fresh,Treated City Wastewater,WaDEND_WS504,Surface Water
NDwr_WS505,,,Fresh,"James River, Fesenden Dam",WaDEND_WS505,Surface Water
NDwr_WS506,,,Fresh,Un-Named Trib To Square Butte Creek,WaDEND_WS506,Surface Water
NDwr_WS507,,,Fresh,Sheyenne River The Harvey Dam,WaDEND_WS507,Surface Water
NDwr_WS508,,,Fresh,"Coal Mine Creek, Trib. Of Heart River",WaDEND_WS508,Surface Water
NDwr_WS509,,,Fresh,Unnamed Tributary To Knife River,WaDEND_WS509,Surface Water
NDwr_WS510,,,Fresh,"Scab Creek, Trib To Big Muddy Creek",WaDEND_WS510,Surface Water
NDwr_WS511,,,Fresh,Unnamed Creek.,WaDEND_WS511,Surface Water
NDwr_WS512,,,Fresh,"Unnamed Creek, Trib. Of The Heart River",WaDEND_WS512,Surface Water
NDwr_WS513,,,Fresh,Crooked Creek Tributary,WaDEND_WS513,Surface Water
NDwr_WS514,,,Fresh,Trenton Lake,WaDEND_WS514,Surface Water
NDwr_WS515,,,Fresh,Cedar Creek Tributary,WaDEND_WS515,Surface Water
NDwr_WS516,,,Fresh,Trib. Of Painted Woods Creek,WaDEND_WS516,Surface Water
NDwr_WS517,,,Fresh,Lake Margaret,WaDEND_WS517,Surface Water
NDwr_WS518,,,Fresh,Rats Coulee,WaDEND_WS518,Surface Water
NDwr_WS519,,,Fresh,"Unnamed Creek, Trib. Of Edmore Coulee",WaDEND_WS519,Surface Water
NDwr_WS520,,,Fresh,Desmoines Lake,WaDEND_WS520,Surface Water
NDwr_WS521,,,Fresh,"Unnamed Creek, Trib. Of Square Butte Ck.",WaDEND_WS521,Surface Water
NDwr_WS522,,,Fresh,Unnamed Creek Trib. Of Big Muddy Creek,WaDEND_WS522,Surface Water
NDwr_WS523,,,Fresh,Eightmile Creek,WaDEND_WS523,Surface Water
NDwr_WS524,,,Fresh,Unnamed Slough,WaDEND_WS524,Surface Water
NDwr_WS525,,,Fresh,Unnamed Stream Trib. Of Cannonball River,WaDEND_WS525,Surface Water
NDwr_WS526,,,Fresh,Unnamed Slough.,WaDEND_WS526,Surface Water
NDwr_WS527,,,Fresh,Pitt Creek Tributary,WaDEND_WS527,Surface Water
NDwr_WS528,,,Fresh,Burnt Creek Diversion,WaDEND_WS528,Surface Water
NDwr_WS529,,,Fresh,Trib. Of Crosby Creek,WaDEND_WS529,Surface Water
NDwr_WS530,,,Fresh,Hazen Brook,WaDEND_WS530,Surface Water
NDwr_WS531,,,Fresh,Southwest Pipeline Project,WaDEND_WS531,Surface Water
NDwr_WS532,,,Fresh,Spring - Trib. Of White Earth River,WaDEND_WS532,Surface Water
NDwr_WS533,,,Fresh,The Pembina River,WaDEND_WS533,Surface Water
NDwr_WS534,,,Fresh,Sheynne River,WaDEND_WS534,Surface Water
NDwr_WS535,,,Fresh,First Larson Coulee,WaDEND_WS535,Surface Water
NDwr_WS536,,,Fresh,Waste Water Logoons,WaDEND_WS536,Surface Water
NDwr_WS537,,,Fresh,Waste Water Lagoons,WaDEND_WS537,Surface Water
NDwr_WS538,,,Fresh,4 Cell Lagoon System,WaDEND_WS538,Surface Water
NDwr_WS539,,,Fresh,Shallow Saturated Alluvium,WaDEND_WS539,Groundwater
NDwr_WS540,,,Fresh,Des Lac Lake,WaDEND_WS540,Surface Water
NDwr_WS541,,,Fresh,Trib. To The Wild Rice River,WaDEND_WS541,Surface Water
NDwr_WS542,,,Fresh,Hartel Dam,WaDEND_WS542,Surface Water
NDwr_WS543,,,Fresh,Puppy Dog Coulee,WaDEND_WS543,Surface Water
NDwr_WS544,,,Fresh,Oakes Pilot Drain,WaDEND_WS544,Surface Water
NDwr_WS545,,,Fresh,Fort Union,WaDEND_WS545,Groundwater
NDwr_WS546,,,Fresh,Sletten Lake,WaDEND_WS546,Surface Water
NDwr_WS547,,,Fresh,Green River Tributary,WaDEND_WS547,Surface Water
NDwr_WS548,,,Fresh,Dakota Group,WaDEND_WS548,Groundwater
NDwr_WS549,,,Fresh,Tongue River At Goschke Dam,WaDEND_WS549,Surface Water
NDwr_WS550,,,Fresh,North Branch Turtle River,WaDEND_WS550,Surface Water
NDwr_WS551,,,Fresh,Strommen Stock Pond,WaDEND_WS551,Surface Water
NDwr_WS552,,,Fresh,Stone Creek,WaDEND_WS552,Surface Water
NDwr_WS553,,,Fresh,Trib. Of East Fork Shell Creek,WaDEND_WS553,Surface Water
NDwr_WS554,,,Fresh,Little Antelope Creek,WaDEND_WS554,Surface Water
NDwr_WS555,,,Fresh,Canonball River,WaDEND_WS555,Surface Water
NDwr_WS556,,,Fresh,Dimmick Lake,WaDEND_WS556,Surface Water
NDwr_WS557,,,Fresh,Ephemeral Drainages,WaDEND_WS557,Surface Water
NDwr_WS558,,,Fresh,South Egg Creek,WaDEND_WS558,Surface Water
NDwr_WS559,,,Fresh,Camp Creek,WaDEND_WS559,Surface Water
NDwr_WS560,,,Fresh,Spring Creek Tributary,WaDEND_WS560,Surface Water
NDwr_WS561,,,Fresh,Bennett Creek,WaDEND_WS561,Surface Water
NDwr_WS562,,,Fresh,Un-Named Stock Pond,WaDEND_WS562,Surface Water
NDwr_WS563,,,Fresh,Unnamed Pond,WaDEND_WS563,Surface Water
NDwr_WS564,,,Fresh,Hagel Creek Tributary,WaDEND_WS564,Surface Water
NDwr_WS565,,,Fresh,Strommen Pond - Spring Creek Trib.,WaDEND_WS565,Surface Water
NDwr_WS566,,,Fresh,"Pat'S Coulee, Trib. To Little Muddy",WaDEND_WS566,Surface Water
NDwr_WS567,,,Fresh,"Strawberry, Crooked & Brekken Lakes",WaDEND_WS567,Surface Water
NDwr_WS568,,,Fresh,"Strawberr, Crooked & Brekken Lakes",WaDEND_WS568,Surface Water
NDwr_WS569,,,Fresh,"Strawberry, Crooked & Brekken",WaDEND_WS569,Surface Water
NDwr_WS570,,,Fresh,Cheyenne River,WaDEND_WS570,Surface Water
NDwr_WS571,,,Fresh,Horseshoe Lake,WaDEND_WS571,Surface Water
NDwr_WS572,,,Fresh,Holding Pond,WaDEND_WS572,Surface Water
NDwr_WS573,,,Fresh,Halfbreed Creek,WaDEND_WS573,Surface Water
NDwr_WS574,,,Fresh,Lake Upsilon,WaDEND_WS574,Surface Water
NDwr_WS575,,,Fresh,Lake Trenton,WaDEND_WS575,Surface Water
NDwr_WS576,,,Fresh,Little Stoney,WaDEND_WS576,Groundwater
NDwr_WS577,,,Fresh,Unnamed Trib To Knife River,WaDEND_WS577,Surface Water
NDwr_WS578,,,Fresh,Tributary Of Crooked Creek,WaDEND_WS578,Surface Water
NDwr_WS579,,,Fresh,Cedar River,WaDEND_WS579,Surface Water
NDwr_WS580,,,Fresh,Muskrat Lake,WaDEND_WS580,Surface Water
NDwr_WS581,,,Fresh,Otte Creek,WaDEND_WS581,Surface Water
NDwr_WS582,,,Fresh,Drain 11,WaDEND_WS582,Surface Water
NDwr_WS583,,,Fresh,East Buehner Pond,WaDEND_WS583,Surface Water
NDwr_WS584,,,Fresh,Jim Creek,WaDEND_WS584,Surface Water
NDwr_WS585,,,Fresh,Derudder Dam,WaDEND_WS585,Surface Water
NDwr_WS586,,,Fresh,Abbey Lake,WaDEND_WS586,Surface Water
NDwr_WS587,,,Fresh,Oxbow Of Stoney Creek,WaDEND_WS587,Surface Water
NDwr_WS588,,,Fresh,Lake Sakakawea-Backwater,WaDEND_WS588,Surface Water
NDwr_WS589,,,Fresh,Matejcek Reservoir,WaDEND_WS589,Surface Water
NDwr_WS590,,,Fresh,Lake Zahl,WaDEND_WS590,Surface Water
NDwr_WS591,,,Fresh,Frank Creek,WaDEND_WS591,Surface Water
NDwr_WS592,,,Fresh,Murphy Slough,WaDEND_WS592,Surface Water
NDwr_WS593,,,Fresh,Mcville,WaDEND_WS593,Groundwater
NDwr_WS594,,,Fresh,Dry Creek,WaDEND_WS594,Surface Water
